กะพ้อ,กะรุบี
กะพ้อ,ตะโละดือรามัน
กะพ้อ,ปล่องหอย
โคกโพธิ์,ควนโนรี
โคกโพธิ์,โคกโพธิ์
โคกโพธิ์,ช้างให้ตก
โคกโพธิ์,ทรายขาว
โคกโพธิ์,ท่าเรือ
โคกโพธิ์,ทุ่งพลา
โคกโพธิ์,นาเกตุ
โคกโพธิ์,นาประดู่
โคกโพธิ์,บางโกระ
โคกโพธิ์,ปากล่อ
โคกโพธิ์,ป่าบอน
โคกโพธิ์,มะกรูด
ทุ่งยางแดง,ตะโละแมะนา
ทุ่งยางแดง,น้ำดำ
ทุ่งยางแดง,ปากู
ทุ่งยางแดง,พิเทน
ปะนาเระ,ควน
ปะนาเระ,คอกกระบือ
ปะนาเระ,ดอน
ปะนาเระ,ท่าข้าม
ปะนาเระ,ท่าน้ำ
ปะนาเระ,บ้านกลาง
ปะนาเระ,บ้านนอก
ปะนาเระ,บ้านน้ำบ่อ
ปะนาเระ,ปะนาเระ
ปะนาเระ,พ่อมิ่ง
มายอ,กระเสาะ
มายอ,กระหวะ
มายอ,เกาะจัน
มายอ,ตรัง
มายอ,ถนน
มายอ,ปะโด
มายอ,ปานัน
มายอ,มายอ
มายอ,ลางา
มายอ,ลุโบะยิไร
มายอ,สะกำ
มายอ,สาคอใต้
มายอ,สาคอบน
เมืองปัตตานี,กะมิยอ
เมืองปัตตานี,คลองมานิง
เมืองปัตตานี,จะบังติกอ
เมืองปัตตานี,ตะลุโบะ
เมืองปัตตานี,ตันหยงลุโละ
เมืองปัตตานี,บานา
เมืองปัตตานี,บาราโหม
เมืองปัตตานี,บาราเฮาะ
เมืองปัตตานี,ปะกาฮะรัง
เมืองปัตตานี,ปุยุด
เมืองปัตตานี,รูสะมิแล
เมืองปัตตานี,สะบารัง
เมืองปัตตานี,อาเนาะรู
แม่ลาน,ป่าไร่
แม่ลาน,ม่วงเตี้ย
แม่ลาน,แม่ลาน
ไม้แก่น,ดอนทราย
ไม้แก่น,ตะโละไกรทอง
ไม้แก่น,ไทรทอง
ไม้แก่น,ไม้แก่น
ยะรัง,กระโด
ยะรัง,กอลำ
ยะรัง,เขาตูม
ยะรัง,คลองใหม่
ยะรัง,ประจัน
ยะรัง,ปิตูมุดี
ยะรัง,เมาะมาวี
ยะรัง,ยะรัง
ยะรัง,ระแว้ง
ยะรัง,วัด
ยะรัง,สะดาวา
ยะรัง,สะนอ
ยะหริ่ง,จะรัง
ยะหริ่ง,ตอหลัง
ยะหริ่ง,ตะโละ
ยะหริ่ง,ตะโละกาโปร์
ยะหริ่ง,ตันหยงจึงงา
ยะหริ่ง,ตันหยงดาลอ
ยะหริ่ง,ตาแกะ
ยะหริ่ง,ตาลีอายร์
ยะหริ่ง,บางปู
ยะหริ่ง,บาโลย
ยะหริ่ง,ปิยามุมัง
ยะหริ่ง,ปุลากง
ยะหริ่ง,มะนังยง
ยะหริ่ง,ยามู
ยะหริ่ง,ราตาปันยัง
ยะหริ่ง,สาบัน
ยะหริ่ง,หนองแรต
ยะหริ่ง,แหลมโพธิ์
สายบุรี,กะดุนง
สายบุรี,ตะบิ้ง
สายบุรี,ตะลุบัน
สายบุรี,เตราะบอน
สายบุรี,ทุ่งคล้า
สายบุรี,บางเก่า
สายบุรี,บือเระ
สายบุรี,ปะเสยะวอ
สายบุรี,แป้น
สายบุรี,มะนังดาลำ
สายบุรี,ละหาร
หนองจิก,เกาะเปาะ
หนองจิก,คอลอตันหยง
หนองจิก,ดอนรัก
หนองจิก,ดาโต๊ะ
หนองจิก,ตุยง
หนองจิก,ท่ากำชำ
หนองจิก,บ่อทอง
หนองจิก,บางเขา
หนองจิก,บางตาวา
หนองจิก,ปุโละปุโย
หนองจิก,ยาบี
หนองจิก,ลิปะสะโง